{"timestamps": [1555477615.619127, 1555477616.382434, 1555477617.405571, 1555477618.278423, 1555477619.335366, 1555477620.724158, 1555477622.27607, 1555477623.201781, 1555477624.207864, 1555477625.172025, 1555477626.257341, 1555477627.088726, 1555477628.835909, 1555477629.596399, 1555477630.301464, 1555477632.331252, 1555477633.695845, 1555477634.366729, 1555477635.822153, 1555477637.213671, 1555477639.035951, 1555477639.916737, 1555477641.677862, 1555477642.301876, 1555477642.891671, 1555477643.712174, 1555477644.408973, 1555477645.185313, 1555477646.273326, 1555477647.084402, 1555477649.885268, 1555477650.878732, 1555477651.75364, 1555477652.515361, 1555477653.142663, 1555477653.806149, 1555477654.542677, 1555477655.201322, 1555477656.110899, 1555477657.042863, 1555477657.969394, 1555477658.622069, 1555477659.291038, 1555477660.789047, 1555477661.478634, 1555477662.435638, 1555477663.504299, 1555477665.317213, 1555477666.186448, 1555477667.019498, 1555477669.3283, 1555477670.968281, 1555477671.618597, 1555477672.655867, 1555477674.274515, 1555477675.001493, 1555477675.775748, 1555477676.799883, 1555477677.921302, 1555477678.767225], "initial_reset_timestamp": 1555477614.766124, "episode_types": ["t", "t", "t", "t", "t", "t", "t", "t", "t", "t", "t", "t", "t", "t", "t", "t", "t", "t", "t", "t", "t", "t", "t", "t", "t", "t", "t", "t", "t", "t", "t", "t", "t", "t", "t", "t", "t", "t", "t", "t", "t", "t", "t", "t", "t", "t", "t", "t", "t", "t", "t", "t", "t", "t", "t", "t", "t", "t", "t", "t", "t"], "episode_lengths": [9, 10, 13, 10, 14, 19, 21, 10, 13, 12, 15, 11, 25, 10, 9, 30, 19, 8, 21, 19, 25, 10, 24, 7, 7, 10, 8, 9, 15, 10, 41, 13, 11, 10, 7, 7, 9, 8, 10, 11, 12, 7, 8, 20, 8, 12, 14, 25, 11, 10, 32, 23, 8, 14, 23, 8, 9, 13, 15, 10], "episode_rewards": [-9396.580804014531, -9422.032575764508, -9211.039746543258, -9381.837616554303, -9091.192601297456, -8748.704817533697, -8769.405508958956, -9412.186896973913, -9246.732314271763, -12306.642936531238, -11553.423022247785, -9286.960517442723, -8367.498231739894, -9482.872057934397, -9438.294931624032, -8148.03616729921, -8712.452028857395, -9492.721253175014, -8660.8649145973, -9487.987649485116, -9220.537806537546, -9364.564843518685, -8360.885826566162, -9551.31987007059, -9557.42730670638, -9338.724953541065, -9550.15791989433, -9408.43038314528, -9100.17726227488, -9338.367632937268, -7285.472983956113, -9180.461002400054, -9279.382223755536, -9378.596771696553, -9549.767958670509, -9585.115272096196, -9444.331684854526, -9908.410492389168, -10166.642037211323, -9266.964846551546, -9229.186929753472, -9969.785573751824, -10418.557831250551, -9392.088893565728, -9532.129292043748, -9291.431064020051, -9073.785518029032, -8268.094943780052, -9292.89665184258, -9343.455716200773, -9305.211761146584, -8408.281214468116, -9486.950629921088, -9352.363609689643, -8588.7463043666, -9500.693296715555, -9505.350927873016, -9142.142325490868, -9125.832294594784, -9439.605248927039]}